Permission,old_count,new_count
.permission.C2D_MESSAGE,1.0,0.0
.permission.MAPS_RECEIVE,0.0,1.0
.permission.RECEIVE_ADM_MESSAGE,0.0,1.0
BIND_GET_INSTALL_REFERRER_SERVICE,4.0,7.0
FOREGROUND_SERVICE_TYPE_MEDIA_PROJECTION,1.0,0.0
Manifest.permission.CAPTURE_AUDIO_OUTPUT,1.0,1.0
Manifest.permission.READ_EXTERNAL_STORAGE,1.0,1.0
Manifest.permission.USE_BIOMETRIC,0.0,1.0
ai.replika.app.DYNAMIC_RECEIVER_NOT_EXPORTED_PERMISSION,1.0,1.0
android.Manifest.permission.MODIFY_AUDIO_SETTINGS,0.0,1.0
android.gms.permission.ACTIVITY_RECOGNITION,2.0,1.0
android.hardware.place.gps,1.0,1.0
android.launcher.permission.INSTALL_SHORTCUT,1.0,1.0
android.permission.ACCESS_ADSERVICES_AD_ID,168.0,215.0
android.permission.ACCESS_ADSERVICES_ATTRIBUTION,178.0,232.0
android.permission.ACCESS_ADSERVICES_CUSTOM_AUDIENCE,0.0,58.0
android.permission.ACCESS_ADSERVICES_TOPICS,80.0,112.0
android.permission.ACCESS_BACKGROUND_LOCATION,49.0,53.0
android.permission.ACCESS_COARSE_LOCATION,180.0,209.0
android.permission.ACCESS_DOWNLOAD_MANAGER,1.0,1.0
android.permission.ACCESS_FINE_LOCATION,160.0,191.0
android.permission.ACCESS_LOCATION,1.0,1.0
android.permission.ACCESS_LOCATION_EXTRA_COMMANDS,6.0,8.0
android.permission.ACCESS_MEDIA_LOCATION,10.0,15.0
android.permission.ACCESS_NETWORK_STATE,340.0,376.0
android.permission.ACCESS_NOTIFICATION_POLICY,35.0,38.0
android.permission.ACCESS_WIFI_STATE,197.0,237.0
android.permission.ACTION_MANAGE_OVERLAY_PERMISSION,1.0,0.0
android.permission.ACTION_NOTIFICATION_LISTENER_SETTINGS,1.0,1.0
android.permission.ACTIVITY_RECOGNITION,65.0,88.0
android.permission.AD_ID,0.0,1.0
android.permission.AD_SERVICES_CONFIG,2.0,7.0
android.permission.ANSWER_PHONE_CALLS,10.0,15.0
android.permission.AUDIO_CAPTURE,2.0,1.0
android.permission.AUTHENTICATE_ACCOUNTS,10.0,15.0
android.permission.BAIDU_LOCATION_SERVICE,0.0,2.0
android.permission.BATTERY_STATS,7.0,6.0
android.permission.BILLING,1.0,2.0
android.permission.BIND_NOTIFICATION_LISTENER_SERVICE,7.0,9.0
android.permission.BLUETOOTH,107.0,129.0
android.permission.BLUETOOTH.SCAN,1.0,1.0
android.permission.BLUETOOTH_ADMIN,77.0,95.0
android.permission.BLUETOOTH_ADVERTISE,18.0,24.0
android.permission.BLUETOOTH_CONNECT,93.0,117.0
android.permission.BLUETOOTH_CONNECT ,0.0,1.0
android.permission.BLUETOOTH_PRIVILEGED,2.0,3.0
android.permission.BLUETOOTH_SCAN,71.0,89.0
android.permission.BODY_SENSORS,12.0,13.0
android.permission.BODY_SENSORS_BACKGROUND,6.0,5.0
android.permission.BROADCAST_CLOSE_SYSTEM_DIALOGS,21.0,27.0
android.permission.BROADCAST_STICKY,21.0,22.0
android.permission.CALL_PHONE,54.0,66.0
android.permission.CALL_PRIVILEGED,2.0,0.0
android.permission.CAMERA,221.0,256.0
android.permission.CAPTURE_AUDIO_OUTPUT,0.0,1.0
android.permission.CAPTURE_VIDEO_OUTPUT,0.0,1.0
android.permission.CHANGE_CONFIGURATION,2.0,1.0
android.permission.CHANGE_NETWORK_STATE,19.0,26.0
android.permission.CHANGE_WIFI_MULTICAST_STATE,2.0,7.0
android.permission.CHANGE_WIFI_STATE,17.0,17.0
android.permission.CONFIGURE_WIFI_DISPLAY,0.0,1.0
android.permission.CONTROL_MEDIA_DISABLING,1.0,1.0
android.permission.CONTROL_WIFI_DISPLAY,0.0,1.0
android.permission.CREDENTIAL_MANAGER_SET_ALLOWED_PROVIDERS,0.0,1.0
android.permission.DETECT_SCREEN_CAPTURE,12.0,10.0
android.permission.DEVICE_POWER,3.0,2.0
android.permission.DISABLE_KEYGUARD,8.0,10.0
android.permission.DOWNLOAD_WITHOUT_NOTIFICATION,31.0,43.0
android.permission.EXPAND_STATUS_BAR,6.0,11.0
android.permission.FLASHLIGHT,16.0,19.0
android.permission.FORCE_STOP_PACKAGES,0.0,1.0
android.permission.FOREGROUND_SERVICE,279.0,318.0
android.permission.FOREGROUND_SERVICE_CAMERA,3.0,8.0
android.permission.FOREGROUND_SERVICE_CONNECTED_DEVICE,29.0,37.0
android.permission.FOREGROUND_SERVICE_DATA_SYNC,24.0,41.0
android.permission.FOREGROUND_SERVICE_HEALTH,14.0,23.0
android.permission.FOREGROUND_SERVICE_LOCATION,40.0,46.0
android.permission.FOREGROUND_SERVICE_MEDIA_PLAYBACK,33.0,50.0
android.permission.FOREGROUND_SERVICE_MEDIA_PROJECTION,9.0,11.0
android.permission.FOREGROUND_SERVICE_MICROPHONE,25.0,33.0
android.permission.FOREGROUND_SERVICE_PHONE_CALL,11.0,12.0
android.permission.FOREGROUND_SERVICE_REMOTE_MESSAGING,6.0,6.0
android.permission.FOREGROUND_SERVICE_SHORT_SERVICE,1.0,1.0
android.permission.FOREGROUND_SERVICE_SPECIAL_USE,12.0,17.0
android.permission.GALLERY,1.0,2.0
android.permission.GET_ACCOUNTS,25.0,37.0
android.permission.GET_PACKAGE_SIZE,3.0,2.0
android.permission.GET_TASKS,13.0,13.0
android.permission.HIDE_OVERLAY_WINDOWS,3.0,5.0
android.permission.HIGH_SAMPLING_RATE_SENSORS,11.0,14.0
android.permission.IGNORE_BATTERY_OPTIMIZATIONS_REQUEST,0.0,2.0
android.permission.INTERNET,340.0,377.0
android.permission.KILL_BACKGROUND_PROCESSES,2.0,4.0
android.permission.MANAGE_ACCOUNTS,4.0,6.0
android.permission.MANAGE_DOCUMENTS,0.0,2.0
android.permission.MANAGE_FINGERPRINT,1.0,0.0
android.permission.MANAGE_MEDIA,1.0,1.0
android.permission.MANAGE_OWN_CALLS,7.0,11.0
android.permission.MAPS_RECEIVE,1.0,1.0
android.permission.MEDIA_CONTENT_CONTROL,6.0,7.0
android.permission.MEDIA_PROJECTION,0.0,1.0
android.permission.MICROPHONE,2.0,1.0
android.permission.MIGRATE_HEALTH_CONNECT_DATA,1.0,1.0
android.permission.MODIFY_AUDIO_SETTINGS,104.0,120.0
android.permission.MODIFY_PHONE_STATE,1.0,1.0
android.permission.MOUNT_UNMOUNT_FILESYSTEMS,1.0,4.0
android.permission.NEARBY_WIFI_DEVICES,1.0,2.0
android.permission.NFC,9.0,14.0
android.permission.NOTIFICATION_POLICY_ACCESS_SETTINGS,2.0,0.0
android.permission.PACKAGE_USAGE_STATS,3.0,8.0
android.permission.PERMISSION_GRANTED,1.0,1.0
android.permission.POST_NOTIFICATION,1.0,1.0
android.permission.POST_NOTIFICATIONS,309.0,344.0
android.permission.PROCESS_OUTGOING_CALLS,1.0,2.0
android.permission.QUERY_ALL_PACKAGES,4.0,8.0
android.permission.QUICKBOOT_POWERON,1.0,0.0
android.permission.READ_APP_BADGE,58.0,66.0
android.permission.READ_BASIC_PHONE_STATE,0.0,4.0
android.permission.READ_CALENDAR,37.0,50.0
android.permission.READ_CALL_LOG,8.0,13.0
android.permission.READ_CONTACTS,26.0,42.0
android.permission.READ_EXTERNAL_STORAGE,247.0,249.0
android.permission.READ_INTERNAL_STORAGE,1.0,2.0
android.permission.READ_LOGS,4.0,5.0
android.permission.READ_MEDIA_AUDIO,22.0,25.0
android.permission.READ_MEDIA_IMAGES,80.0,53.0
android.permission.READ_MEDIA_VIDEO,37.0,24.0
android.permission.READ_MEDIA_VISUAL_USER_SELECTED,17.0,29.0
android.permission.READ_PHONE_NUMBERS,6.0,9.0
android.permission.READ_PHONE_STATE,98.0,102.0
android.permission.READ_PRIVILEGED_PHONE_STATE,2.0,2.0
android.permission.READ_PROFILE,3.0,6.0
android.permission.READ_SMS,2.0,5.0
android.permission.READ_SYNC_SETTINGS,8.0,10.0
android.permission.READ_SYNC_STATS,2.0,4.0
android.permission.RECEIVE_BOOT_COMPLETED,235.0,282.0
android.permission.RECEIVE_SMS,4.0,8.0
android.permission.RECEIVE_USER_PRESENT,9.0,12.0
android.permission.RECORD_AUDIO,138.0,174.0
android.permission.RECORD_VIDEO,2.0,1.0
android.permission.REORDER_TASKS,34.0,40.0
android.permission.REQUEST_COMPANION_PROFILE_WATCH,1.0,1.0
android.permission.REQUEST_COMPANION_RUN_IN_BACKGROUND,2.0,3.0
android.permission.REQUEST_COMPANION_START_FOREGROUND_SERVICES_FROM_BACKGROUND,1.0,1.0
android.permission.REQUEST_COMPANION_USE_DATA_IN_BACKGROUND,1.0,1.0
android.permission.REQUEST_DELETE_PACKAGES,3.0,2.0
android.permission.REQUEST_IGNORE_BATTERY_OPTIMIZATIONS,44.0,49.0
android.permission.REQUEST_INSTALL_PACKAGES,0.0,1.0
android.permission.RUN_USER_INITIATED_JOBS,6.0,6.0
android.permission.SCHEDULE_EXACT_ALARM,144.0,149.0
android.permission.SEND_SMS,1.0,3.0
android.permission.SET_ALARM,6.0,8.0
android.permission.SET_WALLPAPER,3.0,3.0
android.permission.START_VIEW_PERMISSION_USAGE,0.0,1.0
android.permission.STORAGE,2.0,2.0
android.permission.SYSTEM_ALERT_WINDOW,64.0,85.0
android.permission.SYSTEM_OVERLAY_WINDOW,3.0,3.0
android.permission.TURN_SCREEN_ON,1.0,1.0
android.permission.UPDATE_APP_BADGE,0.0,1.0
android.permission.UPDATE_APP_WIDGETS,0.0,1.0
android.permission.USE_BIOMETRIC,132.0,171.0
android.permission.USE_CREDENTIALS,26.0,21.0
android.permission.USE_EXACT_ALARM,10.0,15.0
android.permission.USE_FINGERPRINT,138.0,177.0
android.permission.USE_FULL_SCREEN_INTENT,44.0,49.0
android.permission.VIBRATE,251.0,278.0
android.permission.VIDEO_CAPTURE,2.0,1.0
android.permission.WAKE_LOCK,329.0,366.0
android.permission.WRITE_APN_SETTINGS,0.0,1.0
android.permission.WRITE_CALENDAR,39.0,52.0
android.permission.WRITE_CONTACTS,6.0,10.0
android.permission.WRITE_EXTERNAL_STORAGE,259.0,266.0
android.permission.WRITE_INTERNAL_STORAGE,2.0,4.0
android.permission.WRITE_MEDIA_STORAGE,0.0,1.0
android.permission.WRITE_SECURE_SETTINGS,0.0,1.0
android.permission.WRITE_SETTINGS,3.0,8.0
android.permission.WRITE_SYNC_SETTINGS,6.0,9.0
android.permission.health.PERMISSION_READ_HEALTH_DATA_HISTORY,0.0,1.0
android.permission.health.READ_ACTIVE_CALORIES_BURNED,7.0,33.0
android.permission.health.READ_BASAL_BODY_TEMPERATURE,1.0,20.0
android.permission.health.READ_BASAL_METABOLIC_RATE,4.0,22.0
android.permission.health.READ_BLOOD_GLUCOSE,7.0,29.0
android.permission.health.READ_BLOOD_PRESSURE,6.0,31.0
android.permission.health.READ_BODY_FAT,9.0,31.0
android.permission.health.READ_BODY_TEMPERATURE,4.0,23.0
android.permission.health.READ_BODY_WATER_MASS,3.0,4.0
android.permission.health.READ_BONE_MASS,3.0,4.0
android.permission.health.READ_CERVICAL_MUCUS,1.0,3.0
android.permission.health.READ_DISTANCE,6.0,34.0
android.permission.health.READ_ELEVATION_GAINED,3.0,4.0
android.permission.health.READ_EXERCISE,11.0,47.0
android.permission.health.READ_EXERCISE_ROUTE,0.0,1.0
android.permission.health.READ_EXERCISE_ROUTES,0.0,2.0
android.permission.health.READ_EXERCISE_SEGMENTS,0.0,1.0
android.permission.health.READ_EXERCISE_SESSIONS,0.0,1.0
android.permission.health.READ_FLOORS_CLIMBED,2.0,21.0
android.permission.health.READ_HEALTH_DATA_HISTORY,0.0,4.0
android.permission.health.READ_HEALTH_DATA_IN_BACKGROUND,0.0,24.0
android.permission.health.READ_HEART_RATE,6.0,33.0
android.permission.health.READ_HEART_RATE_VARIABILITY,2.0,23.0
android.permission.health.READ_HEIGHT,6.0,27.0
android.permission.health.READ_HYDRATION,5.0,29.0
android.permission.health.READ_INTERMENSTRUAL_BLEEDING,1.0,3.0
android.permission.health.READ_LEAN_BODY_MASS,3.0,19.0
android.permission.health.READ_MENSTRUATION,2.0,6.0
android.permission.health.READ_MINDFULNESS_SESSION,0.0,1.0
android.permission.health.READ_NUTRITION,4.0,29.0
android.permission.health.READ_OVULATION_TEST,1.0,3.0
android.permission.health.READ_OXYGEN_SATURATION,4.0,23.0
android.permission.health.READ_POWER,3.0,6.0
android.permission.health.READ_RESPIRATORY_RATE,3.0,21.0
android.permission.health.READ_RESTING_HEART_RATE,3.0,24.0
android.permission.health.READ_SEXUAL_ACTIVITY,1.0,3.0
android.permission.health.READ_SLEEP,7.0,27.0
android.permission.health.READ_SPEED,3.0,5.0
android.permission.health.READ_STEPS,11.0,58.0
android.permission.health.READ_TOTAL_CALORIES_BURNED,7.0,23.0
android.permission.health.READ_VO2_MAX,1.0,22.0
android.permission.health.READ_WEIGHT,12.0,47.0
android.permission.health.READ_WHEELCHAIR_PUSHES,1.0,17.0
android.permission.health.WRITE_ACTIVE_CALORIES_BURNED,5.0,10.0
android.permission.health.WRITE_ACTIVITY_INTENSITY,0.0,1.0
android.permission.health.WRITE_BASAL_BODY_TEMPERATURE,0.0,1.0
android.permission.health.WRITE_BASAL_METABOLIC_RATE,3.0,4.0
android.permission.health.WRITE_BLOOD_GLUCOSE,6.0,8.0
android.permission.health.WRITE_BLOOD_PRESSURE,5.0,9.0
android.permission.health.WRITE_BODY_FAT,9.0,11.0
android.permission.health.WRITE_BODY_TEMPERATURE,3.0,4.0
android.permission.health.WRITE_BODY_WATER_MASS,2.0,2.0
android.permission.health.WRITE_BONE_MASS,2.0,2.0
android.permission.health.WRITE_CERVICAL_MUCUS,0.0,2.0
android.permission.health.WRITE_DISTANCE,5.0,12.0
android.permission.health.WRITE_ELEVATION_GAINED,3.0,4.0
android.permission.health.WRITE_EXERCISE,11.0,17.0
android.permission.health.WRITE_EXERCISE_ROUTE,1.0,3.0
android.permission.health.WRITE_EXERCISE_ROUTES,0.0,1.0
android.permission.health.WRITE_EXERCISE_SEGMENTS,0.0,1.0
android.permission.health.WRITE_EXERCISE_SESSIONS,0.0,1.0
android.permission.health.WRITE_FLOORS_CLIMBED,1.0,2.0
android.permission.health.WRITE_HEART_RATE,5.0,16.0
android.permission.health.WRITE_HEART_RATE_VARIABILITY,1.0,4.0
android.permission.health.WRITE_HEIGHT,5.0,8.0
android.permission.health.WRITE_HYDRATION,6.0,9.0
android.permission.health.WRITE_INTERMENSTRUAL_BLEEDING,0.0,1.0
android.permission.health.WRITE_LEAN_BODY_MASS,2.0,2.0
android.permission.health.WRITE_MENSTRUATION,0.0,1.0
android.permission.health.WRITE_MINDFULNESS,0.0,1.0
android.permission.health.WRITE_NUTRITION,6.0,10.0
android.permission.health.WRITE_OVULATION_TEST,0.0,2.0
android.permission.health.WRITE_OXYGEN_SATURATION,3.0,6.0
android.permission.health.WRITE_POWER,1.0,4.0
android.permission.health.WRITE_RESPIRATORY_RATE,2.0,2.0
android.permission.health.WRITE_RESTING_HEART_RATE,2.0,4.0
android.permission.health.WRITE_SEXUAL_ACTIVITY,0.0,1.0
android.permission.health.WRITE_SLEEP,3.0,9.0
android.permission.health.WRITE_SPEED,2.0,4.0
android.permission.health.WRITE_STEPS,5.0,16.0
android.permission.health.WRITE_TOTAL_CALORIES_BURNED,6.0,11.0
android.permission.health.WRITE_VO2_MAX,0.0,2.0
android.permission.health.WRITE_WEIGHT,14.0,21.0
android.webkit.resource.AUDIO_CAPTURE,1.0,3.0
android.webkit.resource.VIDEO_CAPTURE,1.0,3.0
android:permission.BIND_JOB_SERVICE,1.0,1.0
app.herlife.DYNAMIC_RECEIVER_NOT_EXPORTED_PERMISSION,1.0,1.0
apps.piedmontnow.DYNAMIC_RECEIVER_NOT_EXPORTED_PERMISSION,1.0,1.0
bloodpressure.bloodpressureapp.bloodpressuretracker.DYNAMIC_RECEIVER_NOT_EXPORTED_PERMISSION,0.0,1.0
bloodsugar.bloodsugarapp.diabetes.diabetesapp.DYNAMIC_RECEIVER_NOT_EXPORTED_PERMISSION,0.0,1.0
bloodsugar.diabetes.pressuretraker.DYNAMIC_RECEIVER_NOT_EXPORTED_PERMISSION,1.0,1.0
breastenlarger.bodyeditor.photoeditor.DYNAMIC_RECEIVER_NOT_EXPORTED_PERMISSION,1.0,1.0
bst.blood.sugar.tracker.DYNAMIC_RECEIVER_NOT_EXPORTED_PERMISSION,1.0,1.0
co.circlemedical.patient.DYNAMIC_RECEIVER_NOT_EXPORTED_PERMISSION,1.0,1.0
co.circlemedical.patient.permission.C2D_MESSAGE,1.0,1.0
co.circlemedical.patient.sdk.permission-group.ipc.sender,1.0,1.0
co.thefab.tm.DYNAMIC_RECEIVER_NOT_EXPORTED_PERMISSION,1.0,1.0
com.BetaMedicate.beta_medicate.DYNAMIC_RECEIVER_NOT_EXPORTED_PERMISSION,1.0,0.0
com.Bloodpressurerecorder.uill.DYNAMIC_RECEIVER_NOT_EXPORTED_PERMISSION,1.0,1.0
com.DevExtras.VoiceTools.DYNAMIC_RECEIVER_NOT_EXPORTED_PERMISSION,1.0,1.0
com.FriendsApp.pillidentifieranddrugsearch.DYNAMIC_RECEIVER_NOT_EXPORTED_PERMISSION,1.0,1.0
com.abbvie.patientapp.DYNAMIC_RECEIVER_NOT_EXPORTED_PERMISSION,1.0,1.0
com.accredohealth.accredo.DYNAMIC_RECEIVER_NOT_EXPORTED_PERMISSION,1.0,1.0
com.achievemint.android.DYNAMIC_RECEIVER_NOT_EXPORTED_PERMISSION,1.0,1.0
com.adventhealth.flagship.DYNAMIC_RECEIVER_NOT_EXPORTED_PERMISSION,1.0,1.0
com.advocate.myadvocate.DYNAMIC_RECEIVER_NOT_EXPORTED_PERMISSION,1.0,1.0
com.advocate.myadvocate.sdk.permission-group.ipc.sender,1.0,0.0
com.aetna.aetnahealth.DYNAMIC_RECEIVER_NOT_EXPORTED_PERMISSION,1.0,0.0
com.affecttherapeutics.DYNAMIC_RECEIVER_NOT_EXPORTED_PERMISSION,1.0,1.0
com.affecttherapeutics.permission.C2D_MESSAGE,1.0,1.0
com.affecttherapeutics.sdk.permission-group.ipc.sender,1.0,1.0
com.ai.life.manage.healthtracker.DYNAMIC_RECEIVER_NOT_EXPORTED_PERMISSION,1.0,1.0
com.alarm.permission.SET_ALARM,1.0,1.0
com.aligntech.myinvisalign.DYNAMIC_RECEIVER_NOT_EXPORTED_PERMISSION,1.0,0.0
com.aligntech.myinvisalign.MYPERMISSION,1.0,0.0
com.alivecor.aliveecg.DYNAMIC_RECEIVER_NOT_EXPORTED_PERMISSION,1.0,1.0
com.alivecor.aliveecg.permission.C2D_MESSAGE,1.0,1.0
com.allergan.bd.bdmobileapp.DYNAMIC_RECEIVER_NOT_EXPORTED_PERMISSION,1.0,1.0
com.alltrails.alltrails.DYNAMIC_RECEIVER_NOT_EXPORTED_PERMISSION,1.0,0.0
com.allydvm.ast.DYNAMIC_RECEIVER_NOT_EXPORTED_PERMISSION,1.0,1.0
com.alphaprogression.alphaprogression.DYNAMIC_RECEIVER_NOT_EXPORTED_PERMISSION,1.0,1.0
com.amazon.device.messaging.permission.RECEIVE,0.0,1.0
com.amazon.permission.media.session.voicecommandcontrol,0.0,1.0
com.americanHealthMarketplace.DYNAMIC_RECEIVER_NOT_EXPORTED_PERMISSION,1.0,1.0
com.americanHealthMarketplace.permission.C2D_MESSAGE,0.0,1.0
com.americanwell.android.member.amwell.DYNAMIC_RECEIVER_NOT_EXPORTED_PERMISSION,0.0,1.0
com.americanwell.android.member.wellpoint.DYNAMIC_RECEIVER_NOT_EXPORTED_PERMISSION,1.0,1.0
com.amomedia.madmuscles.DYNAMIC_RECEIVER_NOT_EXPORTED_PERMISSION,1.0,1.0
com.anddoes.launcher.permission.READ_SETTINGS,1.0,1.0
com.anddoes.launcher.permission.UPDATE_COUNT,59.0,67.0
com.anddoes.launcher.permission.WRITE_SETTINGS,1.0,1.0
com.android.alarm.permission.SET_ALARM,7.0,11.0
com.android.launcher.permission.INSTALL_SHORTCUT,3.0,7.0
com.android.launcher.permission.READ_SETTINGS,1.0,4.0
com.android.launcher.permission.UNINSTALL_SHORTCUT,2.0,5.0
com.android.launcher.permission.WRITE_SETTINGS,1.0,2.0
com.android.launcher2.permission.INSTALL_SHORTCUT,1.0,1.0
com.android.launcher2.permission.READ_SETTINGS,1.0,2.0
com.android.launcher2.permission.UNINSTALL_SHORTCUT,1.0,1.0
com.android.launcher2.permission.WRITE_SETTINGS,1.0,2.0
com.android.launcher3.permission.INSTALL_SHORTCUT,1.0,1.0
com.android.launcher3.permission.READ_SETTINGS,1.0,2.0
com.android.launcher3.permission.UNINSTALL_SHORTCUT,1.0,1.0
com.android.launcher3.permission.WRITE_SETTINGS,1.0,2.0
com.android.mylauncher.permission.READ_SETTINGS,1.0,1.0
com.android.mylauncher.permission.WRITE_SETTINGS,1.0,1.0
com.android.providers.media.MediaProvider,1.0,1.0
com.android.providers.tv.permission.READ_EPG_DATA,1.0,1.0
com.android.providers.tv.permission.WRITE_EPG_DATA,1.0,1.0
com.android.vending.AD_ID,1.0,1.0
com.android.vending.BILLING,123.0,128.0
com.android.vending.CHECK_LICENSE,30.0,52.0
com.angeleye_mobile.permission.C2D_MESSAGE,1.0,0.0
com.anthem.sydney.DYNAMIC_RECEIVER_NOT_EXPORTED_PERMISSION,1.0,1.0
com.anytimefitness.userapp.DYNAMIC_RECEIVER_NOT_EXPORTED_PERMISSION,1.0,1.0
com.app.sweatcoin.BROADCAST_EVENTS,0.0,1.0
com.applovin.array.apphub.permission.BIND_APPHUB_SERVICE,39.0,54.0
com.appsky.android.bloodpressure.DYNAMIC_RECEIVER_NOT_EXPORTED_PERMISSION,1.0,1.0
com.appsky.bpdiary.healthtracker.DYNAMIC_RECEIVER_NOT_EXPORTED_PERMISSION,1.0,1.0
com.appsky.calendar.periodtracker.DYNAMIC_RECEIVER_NOT_EXPORTED_PERMISSION,1.0,1.0
com.appsky.slumbercycle.sleeptracker.DYNAMIC_RECEIVER_NOT_EXPORTED_PERMISSION,1.0,0.0
com.ascensia.contour.us.DYNAMIC_RECEIVER_NOT_EXPORTED_PERMISSION,1.0,1.0
com.asus.msa.SupplementaryDID.ACCESS,0.0,1.0
com.athenahealth.athenapatient.DYNAMIC_RECEIVER_NOT_EXPORTED_PERMISSION,1.0,0.0
com.athenahealth.athenapatient.permission.C2D_MESSAGE,1.0,0.0
com.athenaone.prod.DYNAMIC_RECEIVER_NOT_EXPORTED_PERMISSION,1.0,0.0
com.avibra.DYNAMIC_RECEIVER_NOT_EXPORTED_PERMISSION,1.0,1.0
com.azaknordive.body.temperature.tracker.thermometer.fever.checker.diary.history.info.monitor.records.calc.hypo.DYNAMIC_RECEIVER_NOT_EXPORTED_PERMISSION,1.0,1.0
com.banfield.bpht.DYNAMIC_RECEIVER_NOT_EXPORTED_PERMISSION,1.0,1.0
com.bannerhealth.BannerHealthMobileApp.DYNAMIC_RECEIVER_NOT_EXPORTED_PERMISSION,1.0,1.0
com.baritastic.view.DYNAMIC_RECEIVER_NOT_EXPORTED_PERMISSION,1.0,1.0
com.bbk.launcher2.permission.READ_SETTINGS,0.0,1.0
com.bbk.launcher2.permission.WRITE_SETTINGS,0.0,1.0
com.bcbsm.mmaprod.DYNAMIC_RECEIVER_NOT_EXPORTED_PERMISSION,1.0,1.0
com.bcbsm.mmaprod.verint.xm.sdk.RECEIVE_DELETE_ACTION_BROADCAST,0.0,1.0
com.beltone.hearmax.DYNAMIC_RECEIVER_NOT_EXPORTED_PERMISSION,1.0,1.0
com.betterhelp.DYNAMIC_RECEIVER_NOT_EXPORTED_PERMISSION,1.0,1.0
com.betterhelp.permission.C2D_MESSAGE,1.0,1.0
com.blood.sugar.diabetes.tracker.DYNAMIC_RECEIVER_NOT_EXPORTED_PERMISSION,1.0,1.0
com.blood.sugar.tracker.glucometer.Diary.test.diabetes.checker.info.glucose.convert.logger.health.fitness.monitor.history.DYNAMIC_RECEIVER_NOT_EXPORTED_PERMISSION,1.0,1.0
com.bloodpressure.bloodtracker.bptracker.DYNAMIC_RECEIVER_NOT_EXPORTED_PERMISSION,1.0,1.0
com.bloodpressuretracker.bloodpressureapp.bptracker.bloodsugar.bloodglucose.heartrate.DYNAMIC_RECEIVER_NOT_EXPORTED_PERMISSION,1.0,1.0
com.bloodsugar.bloodpressure.bloodsugartracking.DYNAMIC_RECEIVER_NOT_EXPORTED_PERMISSION,1.0,1.0
com.bluefish.bloodpressure.DYNAMIC_RECEIVER_NOT_EXPORTED_PERMISSION,1.0,1.0
com.blueshieldca.prod.DYNAMIC_RECEIVER_NOT_EXPORTED_PERMISSION,1.0,0.0
com.bluesignum.little_lighthouse.DYNAMIC_RECEIVER_NOT_EXPORTED_PERMISSION,1.0,0.0
com.bob.geha.DYNAMIC_RECEIVER_NOT_EXPORTED_PERMISSION,1.0,1.0
com.bob.umr.DYNAMIC_RECEIVER_NOT_EXPORTED_PERMISSION,1.0,1.0
com.bodbot.trainer.DYNAMIC_RECEIVER_NOT_EXPORTED_PERMISSION,1.0,1.0
com.bodyfast.DYNAMIC_RECEIVER_NOT_EXPORTED_PERMISSION,1.0,1.0
com.bodyfast.permission.C2D_MESSAGE,1.0,1.0
com.bowerydigital.bend.DYNAMIC_RECEIVER_NOT_EXPORTED_PERMISSION,1.0,1.0
com.bpfit.bloodpressure.health.DYNAMIC_RECEIVER_NOT_EXPORTED_PERMISSION,1.0,1.0
com.brightside.stringer.DYNAMIC_RECEIVER_NOT_EXPORTED_PERMISSION,1.0,1.0
com.buoysoftware.parachute.DYNAMIC_RECEIVER_NOT_EXPORTED_PERMISSION,1.0,1.0
com.byram.mybyram.DYNAMIC_RECEIVER_NOT_EXPORTED_PERMISSION,1.0,1.0
com.cactus.tracker.bloodpressure.DYNAMIC_RECEIVER_NOT_EXPORTED_PERMISSION,1.0,0.0
com.calm.android.DYNAMIC_RECEIVER_NOT_EXPORTED_PERMISSION,1.0,1.0
com.caloriecounter.foodtracker.trackmealpro.DYNAMIC_RECEIVER_NOT_EXPORTED_PERMISSION,1.0,1.0
com.capitalrx.DYNAMIC_RECEIVER_NOT_EXPORTED_PERMISSION,1.0,1.0
com.capitalrx.permission.C2D_MESSAGE,1.0,1.0
com.carbonhealth.patient.prod.DYNAMIC_RECEIVER_NOT_EXPORTED_PERMISSION,1.0,1.0
com.carbonhealth.patient.prod.sdk.permission-group.ipc.sender,1.0,1.0
com.cashwalklabs.cashwalk.DYNAMIC_RECEIVER_NOT_EXPORTED_PERMISSION,1.0,1.0
com.castlight.clh.view.DYNAMIC_RECEIVER_NOT_EXPORTED_PERMISSION,1.0,1.0
com.centene.dxe.ambetter.DYNAMIC_RECEIVER_NOT_EXPORTED_PERMISSION,1.0,1.0
com.clearcare.clearcareconnect.DYNAMIC_RECEIVER_NOT_EXPORTED_PERMISSION,1.0,1.0
com.clue.android.DYNAMIC_RECEIVER_NOT_EXPORTED_PERMISSION,1.0,1.0
com.cod.codapp.DYNAMIC_RECEIVER_NOT_EXPORTED_PERMISSION,1.0,1.0
com.connexx.rta.DYNAMIC_RECEIVER_NOT_EXPORTED_PERMISSION,1.0,1.0
com.contacts1800.ecomapp.DYNAMIC_RECEIVER_NOT_EXPORTED_PERMISSION,1.0,1.0
com.contacts1800.ecomapp.permission.C2D_MESSAGE,1.0,1.0
com.counter.setp.pedometer.DYNAMIC_RECEIVER_NOT_EXPORTED_PERMISSION,1.0,1.0
com.cronometer.android.gold.DYNAMIC_RECEIVER_NOT_EXPORTED_PERMISSION,1.0,1.0
com.cube.arc.blood.DYNAMIC_RECEIVER_NOT_EXPORTED_PERMISSION,1.0,1.0
com.curaleaf.retail.DYNAMIC_RECEIVER_NOT_EXPORTED_PERMISSION,1.0,1.0
com.czw.freefit.DYNAMIC_RECEIVER_NOT_EXPORTED_PERMISSION,1.0,1.0
com.czw.freefit.openadsdk.permission.TT_PANGOLIN,0.0,1.0
com.daily.bloodpressure.sugar.tracker.DYNAMIC_RECEIVER_NOT_EXPORTED_PERMISSION,1.0,1.0
com.daily.bloodpressure.sugar.tracker.internal.broadcast.permissions,1.0,1.0
com.dexcom.cgm.content_provider.READ_PERMISSION,1.0,1.0
com.dexcom.clarity.firebase.READ_PERMISSION,1.0,1.0
com.dexcom.clarity.mobile.DYNAMIC_RECEIVER_NOT_EXPORTED_PERMISSION,1.0,1.0
com.dexcom.g6.DYNAMIC_RECEIVER_NOT_EXPORTED_PERMISSION,1.0,1.0
com.dexcom.g6.content_provider.READ_PERMISSION,1.0,1.0
com.dnt.yoga.yogaforbeginners.DYNAMIC_RECEIVER_NOT_EXPORTED_PERMISSION,1.0,1.0
com.doctorondemand.android.patient.DYNAMIC_RECEIVER_NOT_EXPORTED_PERMISSION,1.0,0.0
com.doximity.doximitydroid.CROSS_APP_COMMUNICATION,1.0,1.0
com.doximity.doximitydroid.DYNAMIC_RECEIVER_NOT_EXPORTED_PERMISSION,1.0,1.0
com.doximity.doximitydroid.permission.C2D_MESSAGE,1.0,1.0
com.dribbleupmedball.DYNAMIC_RECEIVER_NOT_EXPORTED_PERMISSION,1.0,1.0
com.drugscom.app.DYNAMIC_RECEIVER_NOT_EXPORTED_PERMISSION,1.0,1.0
com.dsi.ant.permission.ANT,1.0,2.0
com.dsi.ant.permission.ANT_ADMIN,1.0,2.0
com.ebproductions.android.launcher.permission.READ_SETTINGS,1.0,1.0
com.ebproductions.android.launcher.permission.WRITE_SETTINGS,1.0,1.0
com.ectosense.nightowl.DYNAMIC_RECEIVER_NOT_EXPORTED_PERMISSION,0.0,1.0
com.ecw.healow.DYNAMIC_RECEIVER_NOT_EXPORTED_PERMISSION,0.0,1.0
com.ekodevices.android.DYNAMIC_RECEIVER_NOT_EXPORTED_PERMISSION,1.0,1.0
com.elevatelabs.geonosis.DYNAMIC_RECEIVER_NOT_EXPORTED_PERMISSION,1.0,1.0
com.endel.endel.DYNAMIC_RECEIVER_NOT_EXPORTED_PERMISSION,1.0,1.0
com.endel.endel.permission.C2D_MESSAGE,1.0,1.0
com.engagedin.freshtri.DYNAMIC_RECEIVER_NOT_EXPORTED_PERMISSION,1.0,1.0
com.epedometer.step.DYNAMIC_RECEIVER_NOT_EXPORTED_PERMISSION,1.0,1.0
com.example.googlev2map.permission.MAPS_RECEIVE,1.0,1.0
com.facebook.katana.provider.ACCESS,2.0,3.0
com.facebook.services.identity.FEO2,0.0,1.0
com.farsitel.bazaar.permission.REFERRER,1.0,1.0
com.fede.launcher.permission.READ_SETTINGS,1.0,1.0
com.fede.launcher.permission.WRITE_SETTINGS,1.0,1.0
com.female.inspire.workout.shefitness.DYNAMIC_RECEIVER_NOT_EXPORTED_PERMISSION,1.0,1.0
com.fig.DYNAMIC_RECEIVER_NOT_EXPORTED_PERMISSION,1.0,1.0
com.fig.permission.C2D_MESSAGE,1.0,1.0
com.finch.finch.DYNAMIC_RECEIVER_NOT_EXPORTED_PERMISSION,1.0,1.0
com.fingerprints.service.ACCESS_FINGERPRINT_MANAGER,2.0,2.0
com.firststophealth.DYNAMIC_RECEIVER_NOT_EXPORTED_PERMISSION,1.0,1.0
com.firststophealth.permission.ACCESS_BLUESHIFT_SERVICE,1.0,1.0
com.firststophealth.permission.C2D_MESSAGE,1.0,1.0
com.fitbit.FitbitMobile.DYNAMIC_RECEIVER_NOT_EXPORTED_PERMISSION,1.0,1.0
com.fitbod.fitbod.DYNAMIC_RECEIVER_NOT_EXPORTED_PERMISSION,1.0,1.0
com.fitnessapps.yogakidsworkouts.DYNAMIC_RECEIVER_NOT_EXPORTED_PERMISSION,1.0,1.0
com.fitnow.loseit.DYNAMIC_RECEIVER_NOT_EXPORTED_PERMISSION,1.0,1.0
com.fitnow.permission.LOGIN_PROVIDER,1.0,1.0
com.fourtechnologies.mynetdiary.ad.DYNAMIC_RECEIVER_NOT_EXPORTED_PERMISSION,1.0,1.0
com.froedtert.care.DYNAMIC_RECEIVER_NOT_EXPORTED_PERMISSION,1.0,1.0
com.froedtert.care.sdk.permission-group.ipc.sender,1.0,1.0
com.fullscript.mobile.DYNAMIC_RECEIVER_NOT_EXPORTED_PERMISSION,1.0,1.0
com.futurhealth.futurhealth.DYNAMIC_RECEIVER_NOT_EXPORTED_PERMISSION,1.0,1.0
com.galderma.aspirerewards.DYNAMIC_RECEIVER_NOT_EXPORTED_PERMISSION,0.0,1.0
com.galileohealth.android.DYNAMIC_RECEIVER_NOT_EXPORTED_PERMISSION,1.0,1.0
com.galileohealth.android.sdk.permission-group.ipc.sender,1.0,1.0
com.gen.workoutme.DYNAMIC_RECEIVER_NOT_EXPORTED_PERMISSION,1.0,1.0
com.gen.workoutme.permission.C2D_MESSAGE,1.0,1.0
com.getgarner.app.DYNAMIC_RECEIVER_NOT_EXPORTED_PERMISSION,1.0,1.0
com.getpaired.app.DYNAMIC_RECEIVER_NOT_EXPORTED_PERMISSION,1.0,1.0
com.getsomeheadspace.android.DYNAMIC_RECEIVER_NOT_EXPORTED_PERMISSION,1.0,1.0
com.getsomeheadspace.android.sdk.permission-group.ipc.sender,1.0,1.0
com.glic.group.ga.mobile.DYNAMIC_RECEIVER_NOT_EXPORTED_PERMISSION,1.0,1.0
com.glucobit.reframe.DYNAMIC_RECEIVER_NOT_EXPORTED_PERMISSION,1.0,1.0
com.gnhearing.enhancepro.DYNAMIC_RECEIVER_NOT_EXPORTED_PERMISSION,1.0,1.0
com.goodrx.DYNAMIC_RECEIVER_NOT_EXPORTED_PERMISSION,1.0,1.0
com.goodrx.permission.C2D_MESSAGE,1.0,1.0
com.google.android.apps.healthdata.permission.START_ONBOARDING,1.0,1.0
com.google.android.apps.photos.permission.GOOGLE_PHOTOS,1.0,1.0
com.google.android.c2dm.permission.RECEIVE,273.0,315.0
com.google.android.finsky.permission.BIND_GET_INSTALL_REFERRER_SERVICE,280.0,317.0
com.google.android.gallery3d.permission.GALLERY_PROVIDER,1.0,1.0
com.google.android.gms.permission.ACTIVITY_RECOGNITION,22.0,32.0
com.google.android.gms.permission.AD_ID,225.0,261.0
com.google.android.permission.BIND_GET_INSTALL_REFERRER_SERVICE,3.0,3.0
com.google.android.permission.PROVIDE_BACKGROUND,1.0,1.0
com.google.android.providers.gsf.permission.READ_GSERVICES,58.0,83.0
com.google.android.wearable.permission.RECEIVE_COMPLICATION_DATA,0.0,2.0
com.grandroundshealth.m.DYNAMIC_RECEIVER_NOT_EXPORTED_PERMISSION,1.0,1.0
com.groundspeak.geocaching.intro.DYNAMIC_RECEIVER_NOT_EXPORTED_PERMISSION,1.0,1.0
com.gymbros.app.DYNAMIC_RECEIVER_NOT_EXPORTED_PERMISSION,1.0,1.0
com.happy.happywalk.DYNAMIC_RECEIVER_NOT_EXPORTED_PERMISSION,1.0,0.0
com.happy.happywalk.andpermission.bridge,1.0,0.0
com.hcahealthcare.mhom.DYNAMIC_RECEIVER_NOT_EXPORTED_PERMISSION,1.0,0.0
com.hcsc.android.providerfindertx.DYNAMIC_RECEIVER_NOT_EXPORTED_PERMISSION,1.0,1.0
com.hct2.nursegrid.android.web.DYNAMIC_RECEIVER_NOT_EXPORTED_PERMISSION,1.0,1.0
com.healint.migraineapp.DYNAMIC_RECEIVER_NOT_EXPORTED_PERMISSION,1.0,1.0
com.healint.migraineapp.permission.C2D_MESSAGE,1.0,1.0
com.healthapplines.android.pedometer.DYNAMIC_RECEIVER_NOT_EXPORTED_PERMISSION,1.0,1.0
com.healthapplines.android.stepcounter.DYNAMIC_RECEIVER_NOT_EXPORTED_PERMISSION,1.0,1.0
com.healthapplines.healthsense.bloodsugarhub.DYNAMIC_RECEIVER_NOT_EXPORTED_PERMISSION,1.0,1.0
com.healthapplines.sleeprecord.tracker.DYNAMIC_RECEIVER_NOT_EXPORTED_PERMISSION,1.0,1.0
com.healthcare.bloodtracker.pro.DYNAMIC_RECEIVER_NOT_EXPORTED_PERMISSION,1.0,1.0
com.healthcare.bloodtracker.pro.internal.broadcast.permissions,1.0,1.0
com.healthtracker.bloodpressure.heartrate.DYNAMIC_RECEIVER_NOT_EXPORTED_PERMISSION,1.0,1.0
com.heart.rate.bloodpressure.DYNAMIC_RECEIVER_NOT_EXPORTED_PERMISSION,1.0,1.0
com.helloheart.app.healthplan.DYNAMIC_RECEIVER_NOT_EXPORTED_PERMISSION,0.0,1.0
com.helloheart.app.healthplan.permission.C2D_MESSAGE,1.0,1.0
com.hevy.DYNAMIC_RECEIVER_NOT_EXPORTED_PERMISSION,1.0,1.0
com.highmark.myhighmark.DYNAMIC_RECEIVER_NOT_EXPORTED_PERMISSION,1.0,1.0
com.highsecure.bloodpresure.bloodsugar.DYNAMIC_RECEIVER_NOT_EXPORTED_PERMISSION,1.0,1.0
com.hihonor.android.launcher.permission.CHANGE_BADGE,0.0,2.0
com.hihonor.android.launcher.permission.READ_SETTINGS,0.0,1.0
com.hihonor.android.launcher.permission.WRITE_SETTINGS,0.0,1.0
com.hihonor.permission.external_app_settings.USE_COMPONENT,1.0,1.0
com.hihonor.push.permission.READ_PUSH_NOTIFICATION_INFO,0.0,1.0
com.hiit.home.workout.men.jian048lite.DYNAMIC_RECEIVER_NOT_EXPORTED_PERMISSION,1.0,1.0
com.himshers.hers.DYNAMIC_RECEIVER_NOT_EXPORTED_PERMISSION,1.0,1.0
com.himshers.hims.DYNAMIC_RECEIVER_NOT_EXPORTED_PERMISSION,1.0,1.0
com.hingehealth.phoenix.DYNAMIC_RECEIVER_NOT_EXPORTED_PERMISSION,1.0,0.0
com.hioscar.member.DYNAMIC_RECEIVER_NOT_EXPORTED_PERMISSION,1.0,1.0
com.homeworkout.noequipment.lossweight.formen.DYNAMIC_RECEIVER_NOT_EXPORTED_PERMISSION,1.0,1.0
com.horizonblue.memberportal.DYNAMIC_RECEIVER_NOT_EXPORTED_PERMISSION,1.0,1.0
com.horizonblue.memberportal.verint.xm.sdk.RECEIVE_DELETE_ACTION_BROADCAST,0.0,1.0
com.hrd.iam.DYNAMIC_RECEIVER_NOT_EXPORTED_PERMISSION,1.0,1.0
com.hrd.motivation.DYNAMIC_RECEIVER_NOT_EXPORTED_PERMISSION,1.0,1.0
com.htc.launcher.permission.READ_SETTINGS,60.0,70.0
com.htc.launcher.permission.UPDATE_SHORTCUT,59.0,68.0
com.htc.launcher.permission.WRITE_SETTINGS,1.0,2.0
com.huawei.android.launcher.permission.CHANGE_BADGE,59.0,68.0
com.huawei.android.launcher.permission.CHANGE_BADGE ,0.0,1.0
com.huawei.android.launcher.permission.READ_SETTINGS,60.0,69.0
com.huawei.android.launcher.permission.WRITE_SETTINGS,60.0,69.0
com.huawei.appmarket.service.commondata.permission.GET_COMMON_DATA,31.0,62.0
com.huawei.hms.permission.ACTIVITY_RECOGNITION,1.0,1.0
com.huawei.launcher2.permission.READ_SETTINGS,1.0,2.0
com.huawei.launcher2.permission.WRITE_SETTINGS,1.0,2.0
com.huawei.launcher3.permission.READ_SETTINGS,1.0,2.0
com.huawei.launcher3.permission.WRITE_SETTINGS,1.0,2.0
com.huawei.permission.external_app_settings.USE_COMPONENT,12.0,10.0
com.humana.pharmacy.DYNAMIC_RECEIVER_NOT_EXPORTED_PERMISSION,1.0,1.0
com.humana.pharmacy.verint.xm.sdk.RECEIVE_DELETE_ACTION_BROADCAST,0.0,1.0
com.ihealthlabs.MyVitalsPro.DYNAMIC_RECEIVER_NOT_EXPORTED_PERMISSION,1.0,1.0
com.ikame.android.bind.sdk_connection,0.0,1.0
com.imprivata.imprivataid.DYNAMIC_RECEIVER_NOT_EXPORTED_PERMISSION,1.0,1.0
com.ingenovishealth.CandidatePortal.DYNAMIC_RECEIVER_NOT_EXPORTED_PERMISSION,1.0,1.0
com.innowise.pathology3d.DYNAMIC_RECEIVER_NOT_EXPORTED_PERMISSION,1.0,1.0
com.instagram.android.DYNAMIC_RECEIVER_NOT_EXPORTED_PERMISSION,0.0,1.0
com.instagram.android.permission.CROSS_PROCESS_BROADCAST_MANAGER,0.0,1.0
com.instagram.direct.permission.DIRECT_APP_THREAD_STORE_SERVICE,0.0,1.0
com.instagram.direct.permission.PROTECTED_DEEPLINKING,0.0,1.0
com.irhythm.myzio.android.DYNAMIC_RECEIVER_NOT_EXPORTED_PERMISSION,1.0,1.0
com.itamarmedical.watchpat.DYNAMIC_RECEIVER_NOT_EXPORTED_PERMISSION,1.0,1.0
com.ith.patient.DYNAMIC_RECEIVER_NOT_EXPORTED_PERMISSION,1.0,1.0
com.kanrad.kantimemobile.permission.C2D_MESSAGE,1.0,1.0
com.kareheroes.permission.C2D_MESSAGE,1.0,1.0
com.kitefaster.whitenoise.DYNAMIC_RECEIVER_NOT_EXPORTED_PERMISSION,1.0,1.0
com.kompanion.habit.android.DYNAMIC_RECEIVER_NOT_EXPORTED_PERMISSION,1.0,1.0
com.kooth.serenity.DYNAMIC_RECEIVER_NOT_EXPORTED_PERMISSION,1.0,1.0
com.labcorp.patientportal.DYNAMIC_RECEIVER_NOT_EXPORTED_PERMISSION,1.0,1.0
com.lge.launcher.permission.READ_SETTINGS,1.0,2.0
com.lge.launcher.permission.WRITE_SETTINGS,1.0,2.0
com.lge.launcher2.permission.READ_SETTINGS,0.0,1.0
com.lge.launcher2.permission.WRITE_SETTINGS,0.0,1.0
com.lge.launcher3.permission.READ_SETTINGS,0.0,1.0
com.lge.launcher3.permission.WRITE_SETTINGS,0.0,1.0
com.lifefitness.connect.DYNAMIC_RECEIVER_NOT_EXPORTED_PERMISSION,0.0,1.0
com.lifemd.care.DYNAMIC_RECEIVER_NOT_EXPORTED_PERMISSION,1.0,1.0
com.lifestyle.relief.anxiety.stress.DYNAMIC_RECEIVER_NOT_EXPORTED_PERMISSION,1.0,1.0
com.lifetimefitness.interests.fitness.DYNAMIC_RECEIVER_NOT_EXPORTED_PERMISSION,1.0,1.0
com.lighthouse1.mobilebenefits.dbi.DYNAMIC_RECEIVER_NOT_EXPORTED_PERMISSION,1.0,1.0
com.loseweight.seven.minute.workout.DYNAMIC_RECEIVER_NOT_EXPORTED_PERMISSION,1.0,1.0
com.lowestmed.android.DYNAMIC_RECEIVER_NOT_EXPORTED_PERMISSION,0.0,1.0
com.macadamapp.DYNAMIC_RECEIVER_NOT_EXPORTED_PERMISSION,1.0,1.0
com.majeur.launcher.permission.UPDATE_BADGE,59.0,67.0
com.mapmywalk.android2.DYNAMIC_RECEIVER_NOT_EXPORTED_PERMISSION,1.0,1.0
com.marathonhealth.app.DYNAMIC_RECEIVER_NOT_EXPORTED_PERMISSION,1.0,1.0
com.maximstaffing.app.DYNAMIC_RECEIVER_NOT_EXPORTED_PERMISSION,1.0,1.0
com.maximus.missinginformation.nysoh.DYNAMIC_RECEIVER_NOT_EXPORTED_PERMISSION,1.0,1.0
com.mayoclinic.patient.DYNAMIC_RECEIVER_NOT_EXPORTED_PERMISSION,1.0,1.0
com.mayoclinic.patient.gcm.permission.C2D_MESSAGE,1.0,1.0
com.mearsure.heartratepro.manage.DYNAMIC_RECEIVER_NOT_EXPORTED_PERMISSION,1.0,1.0
com.medbridgeed.hep.go.DYNAMIC_RECEIVER_NOT_EXPORTED_PERMISSION,1.0,1.0
com.medco.medcopharmacy.DYNAMIC_RECEIVER_NOT_EXPORTED_PERMISSION,1.0,1.0
com.meditech.PatientPhm.DYNAMIC_RECEIVER_NOT_EXPORTED_PERMISSION,1.0,1.0
com.medscape.android.DYNAMIC_RECEIVER_NOT_EXPORTED_PERMISSION,1.0,1.0
com.medstar.android.promptcare.DYNAMIC_RECEIVER_NOT_EXPORTED_PERMISSION,0.0,1.0
com.medstar.android.promptcare.permission.C2D_MESSAGE,1.0,1.0
com.meizu.flyme.launcher.permission.READ_SETTINGS,0.0,1.0
com.meizu.flyme.launcher.permission.WRITE_SETTINGS,0.0,1.0
com.mightybell.threex4genetics.dtcmobile.DYNAMIC_RECEIVER_NOT_EXPORTED_PERMISSION,1.0,1.0
com.mindbodyonline.connect.DYNAMIC_RECEIVER_NOT_EXPORTED_PERMISSION,1.0,1.0
com.minerva_medical.minerva.DYNAMIC_RECEIVER_NOT_EXPORTED_PERMISSION,1.0,0.0
com.miracleear.mdapp.DYNAMIC_RECEIVER_NOT_EXPORTED_PERMISSION,1.0,1.0
com.mobile.uhc.DYNAMIC_RECEIVER_NOT_EXPORTED_PERMISSION,1.0,1.0
com.modernizingmedicine.patientportal.DYNAMIC_RECEIVER_NOT_EXPORTED_PERMISSION,1.0,1.0
com.modivcareriderapp.DYNAMIC_RECEIVER_NOT_EXPORTED_PERMISSION,1.0,1.0
com.molina.mobile.myhealthinhand.DYNAMIC_RECEIVER_NOT_EXPORTED_PERMISSION,1.0,1.0
com.motorola.permission.ACCESS_BT_HEART_RATE_MONITOR,1.0,1.0
com.museLIVE.quabbleapp.DYNAMIC_RECEIVER_NOT_EXPORTED_PERMISSION,1.0,1.0
com.museLIVE.quabbleapp.permission.C2D_MESSAGE,1.0,1.0
com.myfitnesspal.android.DYNAMIC_RECEIVER_NOT_EXPORTED_PERMISSION,1.0,1.0
com.myfitnesspal.android.permission.C2D_MESSAGE,1.0,1.0
com.myquest.DYNAMIC_RECEIVER_NOT_EXPORTED_PERMISSION,0.0,1.0
com.mysalesforce.mycommunity.C00D6g000000DEMvEAO.A0OT3p000000CaRIGA0.DYNAMIC_RECEIVER_NOT_EXPORTED_PERMISSION,1.0,1.0
com.mysugr.android.companion.DYNAMIC_RECEIVER_NOT_EXPORTED_PERMISSION,0.0,1.0
com.naturalcycles.cordova.DYNAMIC_RECEIVER_NOT_EXPORTED_PERMISSION,0.0,1.0
com.nb.benefitspro.DYNAMIC_RECEIVER_NOT_EXPORTED_PERMISSION,1.0,1.0
com.netflix.partner,0.0,1.0
com.nimblerx.DYNAMIC_RECEIVER_NOT_EXPORTED_PERMISSION,0.0,1.0
com.ninety8point6.patientapp.DYNAMIC_RECEIVER_NOT_EXPORTED_PERMISSION,0.0,1.0
com.nursa.DYNAMIC_RECEIVER_NOT_EXPORTED_PERMISSION,1.0,1.0
com.nursefly.NurseFlyMobile.DYNAMIC_RECEIVER_NOT_EXPORTED_PERMISSION,1.0,1.0
com.nvamobilegp.DYNAMIC_RECEIVER_NOT_EXPORTED_PERMISSION,0.0,1.0
com.octapharma.OctaApp.DYNAMIC_RECEIVER_NOT_EXPORTED_PERMISSION,1.0,1.0
com.omronhealthcare.omronconnect.DYNAMIC_RECEIVER_NOT_EXPORTED_PERMISSION,1.0,0.0
com.omronhealthcare.omronconnect.permission.C2D_MESSAGE,1.0,0.0
com.onemedical.android.DYNAMIC_RECEIVER_NOT_EXPORTED_PERMISSION,0.0,1.0
com.onemedical.android.sdk.permission-group.ipc.sender,0.0,1.0
com.onepeloton.callisto.DYNAMIC_RECEIVER_NOT_EXPORTED_PERMISSION,0.0,1.0
com.oneploton.permission.ACCESS_METRICS,0.0,1.0
com.oneploton.permission.PACKET_LOG,0.0,1.0
com.openevidence.DYNAMIC_RECEIVER_NOT_EXPORTED_PERMISSION,1.0,1.0
com.oph.prod.ct152.rejoyn.DYNAMIC_RECEIVER_NOT_EXPORTED_PERMISSION,0.0,1.0
com.oph.prod.ct152.rejoyn.deveventspermission,1.0,0.0
com.oppo.launcher.permission.READ_SETTINGS,59.0,68.0
com.oppo.launcher.permission.WRITE_SETTINGS,59.0,68.0
com.optimaxInvestments.GlassesUSA.DYNAMIC_RECEIVER_NOT_EXPORTED_PERMISSION,1.0,1.0
com.optum.mobile.perks.DYNAMIC_RECEIVER_NOT_EXPORTED_PERMISSION,1.0,0.0
com.orthofix.stimontrack.DYNAMIC_RECEIVER_NOT_EXPORTED_PERMISSION,1.0,1.0
com.osellus.android.pineapp.DYNAMIC_RECEIVER_NOT_EXPORTED_PERMISSION,1.0,1.0
com.ouraring.oura.DYNAMIC_RECEIVER_NOT_EXPORTED_PERMISSION,0.0,1.0
com.outcomes4me.DYNAMIC_RECEIVER_NOT_EXPORTED_PERMISSION,0.0,1.0
com.outcomes4me.permission.C2D_MESSAGE,0.0,1.0
com.ovuline.fertility.DYNAMIC_RECEIVER_NOT_EXPORTED_PERMISSION,1.0,1.0
com.ovuline.pregnancy.DYNAMIC_RECEIVER_NOT_EXPORTED_PERMISSION,0.0,1.0
com.participantapp.DYNAMIC_RECEIVER_NOT_EXPORTED_PERMISSION,0.0,1.0
com.pathwaymedical.pathway.DYNAMIC_RECEIVER_NOT_EXPORTED_PERMISSION,1.0,1.0
com.pathwaymedical.pathway.permission.C2D_MESSAGE,1.0,1.0
com.pawp.android.DYNAMIC_RECEIVER_NOT_EXPORTED_PERMISSION,0.0,1.0
com.periodtracker.periodcalendar.ovulation.periodcycle.DYNAMIC_RECEIVER_NOT_EXPORTED_PERMISSION,0.0,1.0
com.pg.oralb.oralbapp.DYNAMIC_RECEIVER_NOT_EXPORTED_PERMISSION,0.0,1.0
com.pineapp.prod.permission.DEEPLINK,1.0,1.0
com.planetfitness.DYNAMIC_RECEIVER_NOT_EXPORTED_PERMISSION,1.0,1.0
com.plushcare.plushcare.prod.DYNAMIC_RECEIVER_NOT_EXPORTED_PERMISSION,0.0,1.0
com.ppfa.direct.DYNAMIC_RECEIVER_NOT_EXPORTED_PERMISSION,0.0,1.0
com.prayapp.client.DYNAMIC_RECEIVER_NOT_EXPORTED_PERMISSION,0.0,1.0
com.premisehealth.android.DYNAMIC_RECEIVER_NOT_EXPORTED_PERMISSION,1.0,1.0
com.priviamedicalgroup.priviaapp.DYNAMIC_RECEIVER_NOT_EXPORTED_PERMISSION,1.0,1.0
com.priviamedicalgroup.priviaapp.permission.C2D_MESSAGE,1.0,1.0
com.publix.pharmacyonline.DYNAMIC_RECEIVER_NOT_EXPORTED_PERMISSION,0.0,1.0
com.qihoo360.launcher.permission.READ_SETTINGS,1.0,1.0
com.qihoo360.launcher.permission.WRITE_SETTINGS,1.0,1.0
com.qingniu.renpho.thirdProVider.read,0.0,1.0
com.ratemeasure.heart.DYNAMIC_RECEIVER_NOT_EXPORTED_PERMISSION,0.0,1.0
com.renpho.health.DYNAMIC_RECEIVER_NOT_EXPORTED_PERMISSION,0.0,1.0
com.revdoc.member.DYNAMIC_RECEIVER_NOT_EXPORTED_PERMISSION,0.0,1.0
com.rocateer.mediscount.DYNAMIC_RECEIVER_NOT_EXPORTED_PERMISSION,1.0,1.0
com.rrsolutions.fevercheckup.DYNAMIC_RECEIVER_NOT_EXPORTED_PERMISSION,1.0,1.0
com.runbuddy.prod.DYNAMIC_RECEIVER_NOT_EXPORTED_PERMISSION,1.0,0.0
com.samsung.WATCH_APP_TYPE.Companion,1.0,2.0
com.samsung.accessory.permission.ACCESSORY_FRAMEWORK,0.0,1.0
com.samsung.android.app.parentalcare.permission.CONTROL_CARE,0.0,1.0
com.samsung.android.app.parentalcare.permission.READ_CARE,0.0,1.0
com.samsung.android.app.spage.permission.WRITE_CARD_DATA,0.0,1.0
com.samsung.android.app.withtv.ACCESS_WITH_TV,0.0,1.0
com.samsung.android.health.permission.READ_HEALTH_DATA,0.0,1.0
com.samsung.android.iap.permission.BILLING,0.0,1.0
com.samsung.android.intellivoiceservice.permission.BIND_SUGGESTION_SERVICE_FOR_EXTERNAL,0.0,1.0
com.samsung.android.knox.permission.KNOX_CCM_KEYSTORE,0.0,1.0
com.samsung.android.mapsagent.permission.READ_APP_INFO,11.0,51.0
com.samsung.android.mcfds.permission.ACCESS_SERVICE,0.0,1.0
com.samsung.android.mcfds.permission.START_SERVICE,0.0,1.0
com.samsung.android.providers.context.permission.WRITE_USE_APP_FEATURE_SURVEY,9.0,11.0
com.samsung.android.rubin.app.ui.permission.LAUNCH_RUBIN_SETTING,0.0,1.0
com.samsung.android.rubin.context.permission.READ_CONTEXT_MANAGER,0.0,1.0
com.samsung.android.rubin.persona.permission.READ_PERSONA_MANAGER,0.0,1.0
com.samsung.android.samsungaccount.permission.ACCOUNT_MANAGER,0.0,1.0
com.samsung.android.scloud.permission.RPC_SYNC_SETTING,0.0,1.0
com.samsung.android.security.permission.SAMSUNG_KEYSTORE_PERMISSION,0.0,1.0
com.samsung.android.shealthmonitor.bp.READ_MEASURE_FLAG,0.0,1.0
com.samsung.android.shealthmonitor.sleep.READ_SLEEP_APNEA_STATUS,0.0,1.0
com.samsung.permission.SSENSOR_HRM_RAW_PPG,0.0,1.0
com.sbs.diet.DYNAMIC_RECEIVER_NOT_EXPORTED_PERMISSION,1.0,1.0
com.sec.android.app.shealth.DYNAMIC_RECEIVER_NOT_EXPORTED_PERMISSION,0.0,1.0
com.sec.android.app.twlauncher.settings.READ_SETTINGS,1.0,2.0
com.sec.android.app.twlauncher.settings.WRITE_SETTINGS,1.0,2.0
com.sec.android.easyMover.permission.RUN_AGENT,0.0,1.0
com.sec.android.provider.badge.permission.READ,59.0,68.0
com.sec.android.provider.badge.permission.WRITE,59.0,68.0
com.sec.android.service.health.permission.SWEIGHTSENSOR,0.0,1.0
com.sec.spp.permission.PUSH_SERVICE_PROVIDER,0.0,1.0
com.sec.spp.permission.TOKEN_c6bbae539f5994fc130a6ce9ba9b5fc4f54564bd01e0b1ccb8ffcdf3bef305faae4eec16a8316c02433cb3095486314842a58858641f71a1a5e0a8cb90344f0336d54728d000ba3967db09e0103bd8418b8bc885533d3aac74432897939464afedd9866e154eb0b718cad3da47370960d91d90dc826095e20de810fa71bef02e,0.0,1.0
com.selectcomfort.SleepIQ.DYNAMIC_RECEIVER_NOT_EXPORTED_PERMISSION,1.0,0.0
com.sharecare.wecare.DYNAMIC_RECEIVER_NOT_EXPORTED_PERMISSION,1.0,1.0
com.sharecare.wecare.permission.C2D_MESSAGE,1.0,1.0
com.shc.mobile.DYNAMIC_RECEIVER_NOT_EXPORTED_PERMISSION,1.0,1.0
com.shiftkey.provider.DYNAMIC_RECEIVER_NOT_EXPORTED_PERMISSION,0.0,1.0
com.shire.biolife.permission.C2D_MESSAGE,1.0,1.0
com.shotsy.app.DYNAMIC_RECEIVER_NOT_EXPORTED_PERMISSION,1.0,1.0
com.sidekick.app.sobersidekick.DYNAMIC_RECEIVER_NOT_EXPORTED_PERMISSION,0.0,1.0
com.sidekick.app.sobersidekick.permission.C2D_MESSAGE,0.0,1.0
com.signia.rta.DYNAMIC_RECEIVER_NOT_EXPORTED_PERMISSION,1.0,1.0
com.sillens.shapeupclub.DYNAMIC_RECEIVER_NOT_EXPORTED_PERMISSION,0.0,1.0
com.sillens.shapeupclub.permission.C2D_MESSAGE,0.0,1.0
com.simplepractice.clients.DYNAMIC_RECEIVER_NOT_EXPORTED_PERMISSION,1.0,1.0
com.simplepractice.video.DYNAMIC_RECEIVER_NOT_EXPORTED_PERMISSION,1.0,1.0
com.singlecare.scma.DYNAMIC_RECEIVER_NOT_EXPORTED_PERMISSION,1.0,1.0
com.singlecare.scma.permission.MAPS_RECEIVE,1.0,1.0
com.sixoversix.copyglass.DYNAMIC_RECEIVER_NOT_EXPORTED_PERMISSION,1.0,1.0
com.sleepmonitor.aio.DYNAMIC_RECEIVER_NOT_EXPORTED_PERMISSION,1.0,1.0
com.slytrunk.trashpanda.DYNAMIC_RECEIVER_NOT_EXPORTED_PERMISSION,1.0,0.0
com.slytrunk.trashpanda.permission.C2D_MESSAGE,1.0,0.0
com.smartwidgetlabs.fitbitandroid.DYNAMIC_RECEIVER_NOT_EXPORTED_PERMISSION,0.0,1.0
com.smilegeneration.mychart.DYNAMIC_RECEIVER_NOT_EXPORTED_PERMISSION,1.0,1.0
com.snapworx.snapmobile.DYNAMIC_RECEIVER_NOT_EXPORTED_PERMISSION,1.0,1.0
com.solutran.otc.DYNAMIC_RECEIVER_NOT_EXPORTED_PERMISSION,0.0,1.0
com.sonyericsson.home.action.UPDATE_BADGE,5.0,4.0
com.sonyericsson.home.permission.BROADCAST_BADGE,59.0,68.0
com.sonymobile.home.permission.PROVIDER_INSERT_BADGE,59.0,68.0
com.speakmobilewhitelabel.release.DYNAMIC_RECEIVER_NOT_EXPORTED_PERMISSION,0.0,1.0
com.spruce.messenger.DYNAMIC_RECEIVER_NOT_EXPORTED_PERMISSION,0.0,1.0
com.stardust.app.DYNAMIC_RECEIVER_NOT_EXPORTED_PERMISSION,1.0,1.0
com.stardust.app.permission.C2D_MESSAGE,1.0,1.0
com.stepsappgmbh.stepsapp.DYNAMIC_RECEIVER_NOT_EXPORTED_PERMISSION,0.0,1.0
com.strava.DYNAMIC_RECEIVER_NOT_EXPORTED_PERMISSION,0.0,1.0
com.strava.permission.C2D_MESSAGE,0.0,1.0
com.summithealth.mobile.CountlyPush.BROADCAST_PERMISSION,1.0,1.0
com.summithealth.mobile.DYNAMIC_RECEIVER_NOT_EXPORTED_PERMISSION,1.0,1.0
com.symbol.emdk.permission.EMDK,1.0,7.0
com.ta.mhav.DYNAMIC_RECEIVER_NOT_EXPORTED_PERMISSION,1.0,0.0
com.tayu.tau.pedometer.DYNAMIC_RECEIVER_NOT_EXPORTED_PERMISSION,1.0,1.0
com.tencent.qqlauncher.permission.READ_SETTINGS,1.0,1.0
com.tencent.qqlauncher.permission.WRITE_SETTINGS,1.0,1.0
com.thinkdirty.thinkdirtyapp.DYNAMIC_RECEIVER_NOT_EXPORTED_PERMISSION,0.0,1.0
com.thinkdirty.thinkdirtyapp.permission.C2D_MESSAGE,0.0,1.0
com.tigertext.DYNAMIC_RECEIVER_NOT_EXPORTED_PERMISSION,0.0,1.0
com.tjd.lelife.permission.JPUSH_MESSAGE,0.0,1.0
com.tjd.tjdmainS2.DYNAMIC_RECEIVER_NOT_EXPORTED_PERMISSION,0.0,1.0
com.tomsmucenieks.asimplevibrator.DYNAMIC_RECEIVER_NOT_EXPORTED_PERMISSION,1.0,1.0
com.topstep.fitcloudpro.DYNAMIC_RECEIVER_NOT_EXPORTED_PERMISSION,0.0,1.0
com.tracerofficial.DYNAMIC_RECEIVER_NOT_EXPORTED_PERMISSION,0.0,1.0
com.truhearing.rta.DYNAMIC_RECEIVER_NOT_EXPORTED_PERMISSION,1.0,1.0
com.twentythreeandme.app.DYNAMIC_RECEIVER_NOT_EXPORTED_PERMISSION,0.0,1.0
com.uploss.health.fasting.DYNAMIC_RECEIVER_NOT_EXPORTED_PERMISSION,0.0,1.0
com.upmc.enterprises.myupmc.DYNAMIC_RECEIVER_NOT_EXPORTED_PERMISSION,1.0,1.0
com.uptodate.android.DYNAMIC_RECEIVER_NOT_EXPORTED_PERMISSION,1.0,1.0
com.usi.ebmobile.DYNAMIC_RECEIVER_NOT_EXPORTED_PERMISSION,1.0,1.0
com.usi.ebmobile.permission.C2D_MESSAGE,1.0,1.0
com.vc.thedeepcentric.DYNAMIC_RECEIVER_NOT_EXPORTED_PERMISSION,1.0,1.0
com.vca.careclub.DYNAMIC_RECEIVER_NOT_EXPORTED_PERMISSION,1.0,1.0
com.vca.careclub.permission.C2D_MESSAGE,1.0,1.0
com.veepoo.hband.DYNAMIC_RECEIVER_NOT_EXPORTED_PERMISSION,0.0,1.0
com.viraldevelopment.calai.DYNAMIC_RECEIVER_NOT_EXPORTED_PERMISSION,1.0,1.0
com.virginpulse.virginpulse.DYNAMIC_RECEIVER_NOT_EXPORTED_PERMISSION,0.0,1.0
com.visionwizard.workout.DYNAMIC_RECEIVER_NOT_EXPORTED_PERMISSION,0.0,1.0
com.visoryhealth.member.DYNAMIC_RECEIVER_NOT_EXPORTED_PERMISSION,0.0,1.0
com.vivo.notification.permission.BADGE_ICON,2.0,5.0
com.voidpet.DYNAMIC_RECEIVER_NOT_EXPORTED_PERMISSION,1.0,1.0
com.vsee.clinic.release.DYNAMIC_RECEIVER_NOT_EXPORTED_PERMISSION,0.0,1.0
com.vshred.DYNAMIC_RECEIVER_NOT_EXPORTED_PERMISSION,0.0,1.0
com.wakeup.howear.DYNAMIC_RECEIVER_NOT_EXPORTED_PERMISSION,0.0,1.0
com.wakeup.howear.openadsdk.permission.TT_PANGOLIN,0.0,1.0
com.wakeup.howear.permission.JPUSH_MESSAGE,0.0,1.0
com.wakeup.howear.permission.KW_SDK_BROADCAST,0.0,1.0
com.wakeup.howear.permission.MIPUSH_RECEIVE,0.0,1.0
com.wakeup.howear.permission.PROCESS_PUSH_MSG,0.0,1.0
com.wakeup.howear.permission.PUSH_PROVIDER,0.0,1.0
com.walktask.app.DYNAMIC_RECEIVER_NOT_EXPORTED_PERMISSION,0.0,1.0
com.watch.life.DYNAMIC_RECEIVER_NOT_EXPORTED_PERMISSION,0.0,1.0
com.water.record.bloodpressure.DYNAMIC_RECEIVER_NOT_EXPORTED_PERMISSION,0.0,1.0
com.water.reminder.tracker.DYNAMIC_RECEIVER_NOT_EXPORTED_PERMISSION,0.0,1.0
com.water.tracker.remind.DYNAMIC_RECEIVER_NOT_EXPORTED_PERMISSION,0.0,1.0
com.webmd.android.DYNAMIC_RECEIVER_NOT_EXPORTED_PERMISSION,0.0,1.0
com.weightwatchers.mobile.DYNAMIC_RECEIVER_NOT_EXPORTED_PERMISSION,0.0,1.0
com.weightwatchers.mobile.sdk.permission-group.ipc.sender,0.0,1.0
com.wellcare.pdp.DYNAMIC_RECEIVER_NOT_EXPORTED_PERMISSION,1.0,1.0
com.wellfra.me.DYNAMIC_RECEIVER_NOT_EXPORTED_PERMISSION,0.0,1.0
com.wellfra.me.permission.C2D_MESSAGE,0.0,1.0
com.welltory.client.android.DYNAMIC_RECEIVER_NOT_EXPORTED_PERMISSION,0.0,1.0
com.weward.DYNAMIC_RECEIVER_NOT_EXPORTED_PERMISSION,0.0,1.0
com.winwalk.android.DYNAMIC_RECEIVER_NOT_EXPORTED_PERMISSION,0.0,1.0
com.winwalk.android.permission.C2D_MESSAGE,0.0,1.0
com.workithealth.workitapp.DYNAMIC_RECEIVER_NOT_EXPORTED_PERMISSION,0.0,1.0
com.workplan.alarm.permission.SET_ALARM,1.0,1.0
com.wsl.noom.DYNAMIC_RECEIVER_NOT_EXPORTED_PERMISSION,0.0,1.0
com.wsl.noom.permission.C2D_MESSAGE,0.0,1.0
com.yazio.android.DYNAMIC_RECEIVER_NOT_EXPORTED_PERMISSION,0.0,1.0
com.yc14ec100daa.www.DYNAMIC_RECEIVER_NOT_EXPORTED_PERMISSION,0.0,1.0
com.yc14ec100daa.www.permission.C2D_MESSAGE,0.0,1.0
com.yomaster.workout.fitness.yoga.yogaworkout.DYNAMIC_RECEIVER_NOT_EXPORTED_PERMISSION,0.0,1.0
com.zebra.provider.READ,1.0,7.0
com.zocdoc.android.DYNAMIC_RECEIVER_NOT_EXPORTED_PERMISSION,0.0,1.0
daily.planner.routine.habits.DYNAMIC_RECEIVER_NOT_EXPORTED_PERMISSION,1.0,1.0
daily.planner.routine.habits.permission.LE_FRAMEWORK,1.0,1.0
dance.fit.zumba.weightloss.danceburn.DYNAMIC_RECEIVER_NOT_EXPORTED_PERMISSION,1.0,1.0
de.docmorris.pharmacyapp.DYNAMIC_RECEIVER_NOT_EXPORTED_PERMISSION,1.0,1.0
de.fastic.app.DYNAMIC_RECEIVER_NOT_EXPORTED_PERMISSION,0.0,1.0
de.komoot.android.DYNAMIC_RECEIVER_NOT_EXPORTED_PERMISSION,0.0,1.0
de.komoot.android.permission.NAVIGATION,0.0,1.0
dianxin.permission.ACCESS_LAUNCHER_DATA,1.0,1.0
dietaiplan.calorietracker.app.DYNAMIC_RECEIVER_NOT_EXPORTED_PERMISSION,1.0,1.0
dk.resound.smart3d.DYNAMIC_RECEIVER_NOT_EXPORTED_PERMISSION,1.0,1.0
edu.osumc.healthassistant.app.DYNAMIC_RECEIVER_NOT_EXPORTED_PERMISSION,1.0,1.0
epic.mychart.MyChart,1.0,1.0
epic.mychart.android.DYNAMIC_RECEIVER_NOT_EXPORTED_PERMISSION,1.0,1.0
eu.smartpatient.mytherapy.DYNAMIC_RECEIVER_NOT_EXPORTED_PERMISSION,0.0,1.0
fitness.home.workout.weight.loss.DYNAMIC_RECEIVER_NOT_EXPORTED_PERMISSION,1.0,1.0
fitness.home.workout.weight.loss.permission.LE_FRAMEWORK,1.0,1.0
gen.tech.impulse.android.DYNAMIC_RECEIVER_NOT_EXPORTED_PERMISSION,0.0,1.0
gov.ca.ihss.evv.DYNAMIC_RECEIVER_NOT_EXPORTED_PERMISSION,1.0,1.0
gov.nyc.hra.SelfService.DYNAMIC_RECEIVER_NOT_EXPORTED_PERMISSION,1.0,1.0
gov.or.oregonone.DYNAMIC_RECEIVER_NOT_EXPORTED_PERMISSION,1.0,1.0
gov.va.vamf.vavideoconnect.DYNAMIC_RECEIVER_NOT_EXPORTED_PERMISSION,1.0,1.0
health.care.heart.entry.DYNAMIC_RECEIVER_NOT_EXPORTED_PERMISSION,1.0,1.0
health.human.app.DYNAMIC_RECEIVER_NOT_EXPORTED_PERMISSION,1.0,1.0
health.mydiabetes.DYNAMIC_RECEIVER_NOT_EXPORTED_PERMISSION,1.0,1.0
health.sleep.sounds.tracker.alarm.calm.DYNAMIC_RECEIVER_NOT_EXPORTED_PERMISSION,1.0,1.0
health.sleep.sounds.tracker.alarm.calm.permission.LE_FRAMEWORK,1.0,1.0
heartrate.heartratemonitor.bloodpressure.DYNAMIC_RECEIVER_NOT_EXPORTED_PERMISSION,1.0,1.0
heartratemonitor.heartrate.pulse.pulseapp.DYNAMIC_RECEIVER_NOT_EXPORTED_PERMISSION,1.0,1.0
hh.rr.heart.rate.DYNAMIC_RECEIVER_NOT_EXPORTED_PERMISSION,0.0,1.0
homeworkout.fitness.app.READ_DATA,1.0,1.0
homeworkout.homeworkouts.noequipment.DYNAMIC_RECEIVER_NOT_EXPORTED_PERMISSION,1.0,0.0
homeworkoutapp.homeworkout.fitness.workout.loseweight.DYNAMIC_RECEIVER_NOT_EXPORTED_PERMISSION,1.0,1.0
id.mmtalk.mmtalkv1.DYNAMIC_RECEIVER_NOT_EXPORTED_PERMISSION,1.0,1.0
in.sweatco.app.DYNAMIC_RECEIVER_NOT_EXPORTED_PERMISSION,0.0,1.0
in.sweatco.app.provider.content.READ,0.0,1.0
in.sweatco.app.provider.content.WRITE,0.0,1.0
increaseheightworkout.heightincreaseexercise.tallerexercise.DYNAMIC_RECEIVER_NOT_EXPORTED_PERMISSION,1.0,0.0
intermittentfasting.weightloss.fastingtracker.yazio.DYNAMIC_RECEIVER_NOT_EXPORTED_PERMISSION,0.0,1.0
io.foodvisor.foodvisor.DYNAMIC_RECEIVER_NOT_EXPORTED_PERMISSION,0.0,1.0
io.pdcgs.buzzrxconsumer.DYNAMIC_RECEIVER_NOT_EXPORTED_PERMISSION,1.0,1.0
io.pdcgs.buzzrxconsumer.permission.C2D_MESSAGE,1.0,0.0
io.timberapps.strongvibes.DYNAMIC_RECEIVER_NOT_EXPORTED_PERMISSION,1.0,1.0
io.yuka.android.DYNAMIC_RECEIVER_NOT_EXPORTED_PERMISSION,1.0,0.0
itech.wearables.DYNAMIC_RECEIVER_NOT_EXPORTED_PERMISSION,0.0,1.0
itouch.wearables.DYNAMIC_RECEIVER_NOT_EXPORTED_PERMISSION,1.0,1.0
leafly.android.DYNAMIC_RECEIVER_NOT_EXPORTED_PERMISSION,0.0,1.0
leafly.android.permission.C2D_MESSAGE,0.0,1.0
loseweightapp.loseweightappforwomen.womenworkoutathome.DYNAMIC_RECEIVER_NOT_EXPORTED_PERMISSION,1.0,0.0
me.everything.badger.permission.BADGE_COUNT_READ,58.0,66.0
me.everything.badger.permission.BADGE_COUNT_WRITE,58.0,66.0
me.rtrt.app2.DYNAMIC_RECEIVER_NOT_EXPORTED_PERMISSION,1.0,1.0
me.rtrt.app2.permission.PushHandlerActivity,1.0,1.0
menloseweight.loseweightappformen.weightlossformen.DYNAMIC_RECEIVER_NOT_EXPORTED_PERMISSION,1.0,0.0
mobi.firedepartment.DYNAMIC_RECEIVER_NOT_EXPORTED_PERMISSION,1.0,1.0
mobi.firedepartment.permission.C2D_MESSAGE,1.0,1.0
musclemonster.fitness.workout.home.gym.planner.DYNAMIC_RECEIVER_NOT_EXPORTED_PERMISSION,1.0,0.0
mx.com.fahorro2.DYNAMIC_RECEIVER_NOT_EXPORTED_PERMISSION,1.0,0.0
net.beginners.weight.loss.workout.women.yoga.go.DYNAMIC_RECEIVER_NOT_EXPORTED_PERMISSION,1.0,0.0
net.magictool.bloodsugar.DYNAMIC_RECEIVER_NOT_EXPORTED_PERMISSION,1.0,0.0
net.mercy.mymercy.DYNAMIC_RECEIVER_NOT_EXPORTED_PERMISSION,1.0,1.0
net.qihoo.launcher.permission.READ_SETTINGS,1.0,1.0
net.qihoo.launcher.permission.WRITE_SETTINGS,1.0,1.0
net.sumitk.quotesmeditation.DYNAMIC_RECEIVER_NOT_EXPORTED_PERMISSION,1.0,1.0
no.nordicsemi.android.LOG,1.0,0.0
oppo.permission.OPPO_COMPONENT_SAFE,1.0,1.0
org.Ochsner.My.DYNAMIC_RECEIVER_NOT_EXPORTED_PERMISSION,1.0,1.0
org.TexasHealth.TexasHealthMyChart.DYNAMIC_RECEIVER_NOT_EXPORTED_PERMISSION,1.0,1.0
org.adw.launcher.permission.READ_SETTINGS,1.0,1.0
org.adw.launcher.permission.WRITE_SETTINGS,1.0,1.0
org.adw.launcher_donut.permission.READ_SETTINGS,1.0,1.0
org.adw.launcher_donut.permission.WRITE_SETTINGS,1.0,1.0
org.adwfreak.launcher.permission.READ_SETTINGS,1.0,1.0
org.adwfreak.launcher.permission.WRITE_SETTINGS,1.0,1.0
org.ascension.one.prod.DYNAMIC_RECEIVER_NOT_EXPORTED_PERMISSION,1.0,1.0
org.carolinas.android.dir.DYNAMIC_RECEIVER_NOT_EXPORTED_PERMISSION,1.0,0.0
org.ccf.patientapp.DYNAMIC_RECEIVER_NOT_EXPORTED_PERMISSION,1.0,0.0
org.fidoalliance.uaf.permissions.FIDO_CLIENT,2.0,1.0
org.goodlab.day1labs.DYNAMIC_RECEIVER_NOT_EXPORTED_PERMISSION,1.0,0.0
org.goodlab.day1labs.permission.C2D_MESSAGE,1.0,0.0
org.houstonmethodist.methodistmobile.DYNAMIC_RECEIVER_NOT_EXPORTED_PERMISSION,1.0,1.0
org.howwefeel.moodmeter.DYNAMIC_RECEIVER_NOT_EXPORTED_PERMISSION,1.0,1.0
org.iggymedia.periodtracker.DYNAMIC_RECEIVER_NOT_EXPORTED_PERMISSION,0.0,1.0
org.iggymedia.periodtracker.permission.C2D_MESSAGE,0.0,1.0
org.ihc.dfd.DYNAMIC_RECEIVER_NOT_EXPORTED_PERMISSION,0.0,1.0
org.iuhealth.healthelife.play.DYNAMIC_RECEIVER_NOT_EXPORTED_PERMISSION,1.0,1.0
org.kp.m.DYNAMIC_RECEIVER_NOT_EXPORTED_PERMISSION,0.0,1.0
org.kp.m.permission.MAPS_RECEIVE,0.0,1.0
org.kp.tpmg.permission.KP_ALARM_MANAGER,0.0,1.0
org.kp.tpmg.permission.NOTIFICATION_CANCEL_RECEIVER,0.0,1.0
org.kp.tpmg.permission.TIMEOUT_RECEIVER,0.0,1.0
org.kp.tpmg.permission.TOKEN_ALARM_MANAGER,0.0,1.0
org.kp.tpmg.permission.WAITING_QUEUE_PERMISSION,0.0,1.0
org.kp.tpmg.preventivecare.DYNAMIC_RECEIVER_NOT_EXPORTED_PERMISSION,0.0,1.0
org.kp.tpmg.preventivecare.sdk.permission-group.ipc.sender,0.0,1.0
org.memorialhermann.my.DYNAMIC_RECEIVER_NOT_EXPORTED_PERMISSION,0.0,1.0
org.mountsinai.MyChart.DYNAMIC_RECEIVER_NOT_EXPORTED_PERMISSION,1.0,1.0
org.nativescript.LibreLinkUp.DYNAMIC_RECEIVER_NOT_EXPORTED_PERMISSION,0.0,1.0
org.nm.mobile.myNM.DYNAMIC_RECEIVER_NOT_EXPORTED_PERMISSION,1.0,1.0
org.novanthealth.mynovant.DYNAMIC_RECEIVER_NOT_EXPORTED_PERMISSION,0.0,1.0
org.nyulmc.clinical.mychart.DYNAMIC_RECEIVER_NOT_EXPORTED_PERMISSION,1.0,1.0
org.prismahealth.go.DYNAMIC_RECEIVER_NOT_EXPORTED_PERMISSION,0.0,1.0
org.sanfordhealth.patient.DYNAMIC_RECEIVER_NOT_EXPORTED_PERMISSION,1.0,1.0
org.secure.mypennmedicine.mypennmed.DYNAMIC_RECEIVER_NOT_EXPORTED_PERMISSION,1.0,1.0
org.stanfordhealthcare.myhealth.DYNAMIC_RECEIVER_NOT_EXPORTED_PERMISSION,1.0,1.0
org.stanfordhealthcare.myhealth.permission.C2D_MESSAGE,1.0,1.0
org.sutterhealth.myhealthonline.DYNAMIC_RECEIVER_NOT_EXPORTED_PERMISSION,1.0,0.0
org.trinity.health.DYNAMIC_RECEIVER_NOT_EXPORTED_PERMISSION,1.0,1.0
org.uhhospitals.mychart.DYNAMIC_RECEIVER_NOT_EXPORTED_PERMISSION,1.0,1.0
org.unchealthcare.go.DYNAMIC_RECEIVER_NOT_EXPORTED_PERMISSION,1.0,1.0
org.vitalant.donors.DYNAMIC_RECEIVER_NOT_EXPORTED_PERMISSION,1.0,1.0
org.vitalant.donors.permission.UA_DATA,1.0,1.0
pedometer.steptracker.calorieburner.stepcounter.DYNAMIC_RECEIVER_NOT_EXPORTED_PERMISSION,1.0,0.0
phdpan.buttocks.home.workout.trainer.DYNAMIC_RECEIVER_NOT_EXPORTED_PERMISSION,1.0,1.0
pilatesworkout.yogaworkout.loseweight.workoutapps.DYNAMIC_RECEIVER_NOT_EXPORTED_PERMISSION,1.0,1.0
providence.nassau.mobile.providencehealth.DYNAMIC_RECEIVER_NOT_EXPORTED_PERMISSION,0.0,1.0
relax.sleep.relaxation.sleepingsounds.DYNAMIC_RECEIVER_NOT_EXPORTED_PERMISSION,0.0,1.0
reverse.health.app.DYNAMIC_RECEIVER_NOT_EXPORTED_PERMISSION,0.0,1.0
reverse.health.app.permission.C2D_MESSAGE,0.0,1.0
samsung.permission.shealthlogrequest,0.0,1.0
sixpack.sixpackabs.absworkout.DYNAMIC_RECEIVER_NOT_EXPORTED_PERMISSION,1.0,0.0
splits.splitstraining.dothesplits.splitsin30days.DYNAMIC_RECEIVER_NOT_EXPORTED_PERMISSION,1.0,0.0
stepcounter.pedometer.stepstracker.DYNAMIC_RECEIVER_NOT_EXPORTED_PERMISSION,1.0,1.0
stepcounter.steptracker.pedometer.calorie.DYNAMIC_RECEIVER_NOT_EXPORTED_PERMISSION,1.0,1.0
steptracker.healthandfitness.walkingtracker.pedometer.DYNAMIC_RECEIVER_NOT_EXPORTED_PERMISSION,1.0,0.0
swiftflyers.homeworkout.chair.floor.bed.exercise.forlazy.DYNAMIC_RECEIVER_NOT_EXPORTED_PERMISSION,0.0,1.0
telecom.mdesk.permission.READ_SETTINGS,1.0,1.0
telecom.mdesk.permission.WRITE_SETTINGS,1.0,1.0
us.tx.state.hhsc.ytbmobile.DYNAMIC_RECEIVER_NOT_EXPORTED_PERMISSION,0.0,1.0
watertracker.waterreminder.watertrackerapp.drinkwater.DYNAMIC_RECEIVER_NOT_EXPORTED_PERMISSION,1.0,1.0
weightloss.weightlossforwomen.workoutforwomen.womenworkout.DYNAMIC_RECEIVER_NOT_EXPORTED_PERMISSION,1.0,1.0
0,1.0,2.0
